{
  "teachers": [
    "resnet50",
    "densenet121",
    "wide_resnet50_2",
    "resnext50_32x4d",
    "convnext_tiny"
  ],
  "id": "cifar100",
  "ood": [
    "cifar10",
    "svhn",
    "textures"
  ],
  "auroc": {
    "msp": {
      "cifar10": 0.83463998,
      "svhn": 0.8137049074216349,
      "textures": 0.806216329787234
    },
    "maxlogit": {
      "cifar10": 0.843384765,
      "svhn": 0.8357093519514444,
      "textures": 0.8197453457446808
    },
    "energy": {
      "cifar10": 0.844210985,
      "svhn": 0.8413274796404425,
      "textures": 0.8221853457446809
    },
    "gen": {
      "cifar10": 0.8441549650000001,
      "svhn": 0.8411273893669331,
      "textures": 0.8224864893617021
    },
    "knn": {
      "cifar10": 0.822196205,
      "svhn": 0.8539314824062693,
      "textures": 0.8599405319148936
    },
    "mahalanobis": {
      "cifar10": 0.7833344900000001,
      "svhn": 0.921564591656423,
      "textures": 0.9338633510638298
    },
    "vim": {
      "cifar10": 0.797242725,
      "svhn": 0.905668075829748,
      "textures": 0.9352270744680851
    }
  }
}