{
  "tag": "exp3_simplified",
  "id_dataset": "cifar100",
  "ood": [
    "cifar10",
    "svhn",
    "textures"
  ],
  "teachers": [
    "resnet50",
    "densenet121",
    "wide_resnet50_2",
    "resnext50_32x4d",
    "convnext_tiny"
  ],
  "student_arch": "shufflenetv2_x0_5",
  "energy_T": 1.0,
  "per_run": {
    "shufflenetv2_x0_5__uniform__seed42": {
      "method": "uniform",
      "seed": 42,
      "id_acc": 0.7039999961853027,
      "standalone": {
        "cifar10": {
          "auroc": 0.73642621,
          "aupr_in": 0.7485046485522517,
          "aupr_out": 0.6928777510196547,
          "fpr95": 0.8466
        },
        "svhn": {
          "auroc": 0.8500290200522433,
          "aupr_in": 0.7536229752739245,
          "aupr_out": 0.9209232917592994,
          "fpr95": 0.6577289489858635
        },
        "textures": {
          "auroc": 0.7657835106382979,
          "aupr_in": 0.9426127943486231,
          "aupr_out": 0.38020711993243206,
          "fpr95": 0.7670212765957447
        }
      }
    },
    "shufflenetv2_x0_5__uniform__seed123": {
      "method": "uniform",
      "seed": 123,
      "id_acc": 0.6980000138282776,
      "standalone": {
        "cifar10": {
          "auroc": 0.7434991900000001,
          "aupr_in": 0.7539391240056793,
          "aupr_out": 0.7065357239853145,
          "fpr95": 0.8308
        },
        "svhn": {
          "auroc": 0.8064011255377996,
          "aupr_in": 0.703873411682139,
          "aupr_out": 0.8887726724960314,
          "fpr95": 0.7871850030731408
        },
        "textures": {
          "auroc": 0.7665631117021277,
          "aupr_in": 0.9402605563977445,
          "aupr_out": 0.4022018653489874,
          "fpr95": 0.7558510638297873
        }
      }
    },
    "shufflenetv2_x0_5__uniform__seed3407": {
      "method": "uniform",
      "seed": 3407,
      "id_acc": 0.6962000131607056,
      "standalone": {
        "cifar10": {
          "auroc": 0.7321037949999999,
          "aupr_in": 0.7429023737458132,
          "aupr_out": 0.6900039081734697,
          "fpr95": 0.8461
        },
        "svhn": {
          "auroc": 0.8563356080977259,
          "aupr_in": 0.7634658815036484,
          "aupr_out": 0.9206674306573471,
          "fpr95": 0.6604563614013522
        },
        "textures": {
          "auroc": 0.7693200531914894,
          "aupr_in": 0.9454352881890478,
          "aupr_out": 0.378062692548857,
          "fpr95": 0.7819148936170213
        }
      }
    },
    "shufflenetv2_x0_5__accuracy__seed42": {
      "method": "accuracy",
      "seed": 42,
      "id_acc": 0.6977999806404114,
      "standalone": {
        "cifar10": {
          "auroc": 0.73876829,
          "aupr_in": 0.7442160930968857,
          "aupr_out": 0.7039857816757443,
          "fpr95": 0.8281
        },
        "svhn": {
          "auroc": 0.8158856407498463,
          "aupr_in": 0.6724107864745305,
          "aupr_out": 0.907762034720201,
          "fpr95": 0.6744007375537799
        },
        "textures": {
          "auroc": 0.7583351063829787,
          "aupr_in": 0.9395598298727423,
          "aupr_out": 0.3681232573766148,
          "fpr95": 0.7776595744680851
        }
      }
    },
    "shufflenetv2_x0_5__accuracy__seed123": {
      "method": "accuracy",
      "seed": 123,
      "id_acc": 0.6940000057220459,
      "standalone": {
        "cifar10": {
          "auroc": 0.7411930449999999,
          "aupr_in": 0.7469897697822359,
          "aupr_out": 0.7009324115653521,
          "fpr95": 0.838
        },
        "svhn": {
          "auroc": 0.8591808850645359,
          "aupr_in": 0.7674109037965553,
          "aupr_out": 0.9224268594916392,
          "fpr95": 0.6645666871542717
        },
        "textures": {
          "auroc": 0.7598005851063829,
          "aupr_in": 0.9409058297404321,
          "aupr_out": 0.37036646729454675,
          "fpr95": 0.7845744680851063
        }
      }
    },
    "shufflenetv2_x0_5__accuracy__seed3407": {
      "method": "accuracy",
      "seed": 3407,
      "id_acc": 0.6894000172615051,
      "standalone": {
        "cifar10": {
          "auroc": 0.7339405049999999,
          "aupr_in": 0.7428951374126984,
          "aupr_out": 0.6932898056165575,
          "fpr95": 0.8406
        },
        "svhn": {
          "auroc": 0.7895451828518746,
          "aupr_in": 0.6705361492598423,
          "aupr_out": 0.879205481430293,
          "fpr95": 0.8036647203441918
        },
        "textures": {
          "auroc": 0.7631769946808511,
          "aupr_in": 0.9400710748606677,
          "aupr_out": 0.3789233085525001,
          "fpr95": 0.775
        }
      }
    },
    "shufflenetv2_x0_5__learned_global__seed42": {
      "method": "learned_global",
      "seed": 42,
      "id_acc": 0.6777999997138977,
      "standalone": {
        "cifar10": {
          "auroc": 0.728975415,
          "aupr_in": 0.7464483842921975,
          "aupr_out": 0.6855840207618086,
          "fpr95": 0.855
        },
        "svhn": {
          "auroc": 0.7917160936539642,
          "aupr_in": 0.7042478650446334,
          "aupr_out": 0.8609878980915853,
          "fpr95": 0.8899815611555009
        },
        "textures": {
          "auroc": 0.7522714095744681,
          "aupr_in": 0.9392864789813126,
          "aupr_out": 0.3317439918381974,
          "fpr95": 0.8127659574468085
        }
      }
    },
    "shufflenetv2_x0_5__learned_global__seed123": {
      "method": "learned_global",
      "seed": 123,
      "id_acc": 0.677299976348877,
      "standalone": {
        "cifar10": {
          "auroc": 0.721548845,
          "aupr_in": 0.7341339390561833,
          "aupr_out": 0.6791608704906283,
          "fpr95": 0.866
        },
        "svhn": {
          "auroc": 0.6583263060848188,
          "aupr_in": 0.4948237377084975,
          "aupr_out": 0.7842266986344251,
          "fpr95": 0.9570528580208973
        },
        "textures": {
          "auroc": 0.7166070478723405,
          "aupr_in": 0.9339442890608015,
          "aupr_out": 0.27566335167401923,
          "fpr95": 0.8856382978723404
        }
      }
    },
    "shufflenetv2_x0_5__learned_global__seed3407": {
      "method": "learned_global",
      "seed": 3407,
      "id_acc": 0.6811000108718872,
      "standalone": {
        "cifar10": {
          "auroc": 0.7272395,
          "aupr_in": 0.7472244505497466,
          "aupr_out": 0.6825031261437791,
          "fpr95": 0.8647
        },
        "svhn": {
          "auroc": 0.7430542793484942,
          "aupr_in": 0.6308645421269007,
          "aupr_out": 0.8503742943937052,
          "fpr95": 0.8649738783036263
        },
        "textures": {
          "auroc": 0.7440197340425532,
          "aupr_in": 0.939462996922265,
          "aupr_out": 0.3142158186504029,
          "fpr95": 0.8526595744680852
        }
      }
    }
  },
  "by_method": {
    "uniform": {
      "n_seeds": 3,
      "id_acc_mean": 0.699400007724762,
      "id_acc_std": 0.003334658501120829,
      "per_ood": {
        "cifar10": {
          "auroc_mean": 0.737343065,
          "auroc_std": 0.0046971072033593995,
          "fpr95_mean": 0.8411666666666666,
          "fpr95_std": 0.0073331818166165515
        },
        "svhn": {
          "auroc_mean": 0.8375885845625897,
          "auroc_std": 0.022202649444170275,
          "fpr95_mean": 0.7017901044867855,
          "fpr95_std": 0.06039357704839958
        },
        "textures": {
          "auroc_mean": 0.767222225177305,
          "auroc_std": 0.0015171478147066966,
          "fpr95_mean": 0.7682624113475178,
          "fpr95_std": 0.01067664483498196
        }
      }
    },
    "accuracy": {
      "n_seeds": 3,
      "id_acc_mean": 0.6937333345413208,
      "id_acc_std": 0.0034344510799363087,
      "per_ood": {
        "cifar10": {
          "auroc_mean": 0.73796728,
          "auroc_std": 0.0030145255987164754,
          "fpr95_mean": 0.8355666666666667,
          "fpr95_std": 0.005385371131335562
        },