{
  "tag": "homogeneous",
  "kind": "teacher",
  "id_dataset": "cifar100",
  "ood": [
    "cifar10",
    "svhn",
    "textures"
  ],
  "models": [
    "resnet50_seed42",
    "resnet50_seed123",
    "resnet50_seed3407",
    "resnet50_seed7",
    "resnet50_seed2024"
  ],
  "energy_T": 1.0,
  "metrics": {
    "cifar10": {
      "resnet50_seed42": {
        "auroc": 0.81531186,
        "aupr_in": 0.8287302300604921,
        "aupr_out": 0.7778389811327522,
        "fpr95": 0.7445
      },
      "resnet50_seed123": {
        "auroc": 0.800752715,
        "aupr_in": 0.8037631756677819,
        "aupr_out": 0.7687979782537914,
        "fpr95": 0.7503
      },
      "resnet50_seed3407": {
        "auroc": 0.81062657,
        "aupr_in": 0.8198464902853458,
        "aupr_out": 0.7760415163940915,
        "fpr95": 0.7574
      },
      "resnet50_seed7": {
        "auroc": 0.8013071849999999,
        "aupr_in": 0.8084522202180394,
        "aupr_out": 0.763672803731775,
        "fpr95": 0.7649
      },
      "resnet50_seed2024": {
        "auroc": 0.816990705,
        "aupr_in": 0.8313899656631978,
        "aupr_out": 0.776603364288325,
        "fpr95": 0.7483
      },
      "__ensemble__": {
        "auroc": 0.8310955899999999,
        "aupr_in": 0.8449714075891962,
        "aupr_out": 0.7933159246014698,
        "fpr95": 0.73
      }
    },
    "svhn": {
      "resnet50_seed42": {
        "auroc": 0.7959619602796559,
        "aupr_in": 0.6762397193227664,
        "aupr_out": 0.8872972948454544,
        "fpr95": 0.7703979717271051
      },
      "resnet50_seed123": {
        "auroc": 0.8344999539028888,
        "aupr_in": 0.7259426304482409,
        "aupr_out": 0.9004870111788641,
        "fpr95": 0.7678626306084819
      },
      "resnet50_seed3407": {
        "auroc": 0.7840851202366319,
        "aupr_in": 0.6606251618779087,
        "aupr_out": 0.872814466653121,
        "fpr95": 0.8376229256299939
      },
      "resnet50_seed7": {
        "auroc": 0.7489834857098956,
        "aupr_in": 0.5540193648087095,
        "aupr_out": 0.8558561927595305,
        "fpr95": 0.8620543945912723
      },
      "resnet50_seed2024": {
        "auroc": 0.7203984250153657,
        "aupr_in": 0.5289812604661513,
        "aupr_out": 0.8365869253091341,
        "fpr95": 0.8909419176398279
      },
      "__ensemble__": {
        "auroc": 0.8075528925937308,
        "aupr_in": 0.6877555921775096,
        "aupr_out": 0.8881825907946637,
        "fpr95": 0.7978257529194838
      }
    },
    "textures": {
      "resnet50_seed42": {
        "auroc": 0.7723511968085106,
        "aupr_in": 0.9427689264848768,
        "aupr_out": 0.35374295291635166,
        "fpr95": 0.7904255319148936
      },
      "resnet50_seed123": {
        "auroc": 0.7843666223404255,
        "aupr_in": 0.9474166388705674,
        "aupr_out": 0.3679688275660583,
        "fpr95": 0.7829787234042553
      },
      "resnet50_seed3407": {
        "auroc": 0.7818968617021276,
        "aupr_in": 0.9452277751333382,
        "aupr_out": 0.37323826948917393,
        "fpr95": 0.7946808510638298
      },
      "resnet50_seed7": {
        "auroc": 0.7810698670212767,
        "aupr_in": 0.9452392907119994,
        "aupr_out": 0.36328624386444897,
        "fpr95": 0.8106382978723404
      },
      "resnet50_seed2024": {
        "auroc": 0.7728018617021276,
        "aupr_in": 0.9455178560326652,
        "aupr_out": 0.3446714695858287,
        "fpr95": 0.8228723404255319
      },
      "__ensemble__": {
        "auroc": 0.8049654787234043,
        "aupr_in": 0.9541410675765784,
        "aupr_out": 0.39041344176064074,
        "fpr95": 0.7845744680851063
      }
    }
  },
  "delta_stats": {
    "id_test": {
      "mean": 0.11494180841445922,
      "median": 0.007645606994628906,
      "p90": 0.39398517608642597,
      "p99": 0.7817512178421024,
      "std": 0.18828363317050237,
      "n": 10000
    },
    "cifar10": {
      "mean": 0.29910485382080076,
      "median": 0.2854001522064209,
      "p90": 0.578838300704956,
      "p99": 0.9119653272628787,
      "std": 0.214907535307956,
      "n": 10000
    },
    "svhn": {
      "mean": 0.37577362963958394,
      "median": 0.35236406326293945,
      "p90": 0.7429628372192383,
      "p99": 1.1603410434722883,
      "std": 0.2791154948698908,
      "n": 26032
    },
    "textures": {
      "mean": 0.3352170609413309,
      "median": 0.31588220596313477,
      "p90": 0.6701314926147464,
      "p99": 1.1057299375534058,
      "std": 0.26503249216613406,
      "n": 1880
    }
  },
  "ood_ratio": {
    "cifar10": 2.602228535871675,
    "svhn": 3.269251065588012,
    "textures": 2.916406706710227
  },
  "id_acc_per_model": {
    "resnet50_seed42": 0.8121,
    "resnet50_seed123": 0.8112,
    "resnet50_seed3407": 0.8146,
    "resnet50_seed7": 0.8079,
    "resnet50_seed2024": 0.8097
  },
  "ensemble_id_acc": 0.8309999704360962
}