{
  "tag": "heterogeneous",
  "kind": "teacher",
  "id_dataset": "cifar100",
  "ood": [
    "cifar10",
    "svhn",
    "textures"
  ],
  "models": [
    "resnet50",
    "densenet121",
    "wide_resnet50_2",
    "resnext50_32x4d",
    "convnext_tiny"
  ],
  "energy_T": 1.0,
  "metrics": {
    "cifar10": {
      "resnet50": {
        "auroc": 0.813565475,
        "aupr_in": 0.8270459741593448,
        "aupr_out": 0.7740484668608144,
        "fpr95": 0.764
      },
      "densenet121": {
        "auroc": 0.809610335,
        "aupr_in": 0.823385770912623,
        "aupr_out": 0.769796564758274,
        "fpr95": 0.7675
      },
      "wide_resnet50_2": {
        "auroc": 0.817523335,
        "aupr_in": 0.8293514773874853,
        "aupr_out": 0.779833796363769,
        "fpr95": 0.7429
      },
      "resnext50_32x4d": {
        "auroc": 0.81362245,
        "aupr_in": 0.8253820290453588,
        "aupr_out": 0.7791311014326847,
        "fpr95": 0.7477
      },
      "convnext_tiny": {
        "auroc": 0.68938862,
        "aupr_in": 0.6765349366479921,
        "aupr_out": 0.6744131392786297,
        "fpr95": 0.8324
      },
      "__ensemble__": {
        "auroc": 0.844210985,
        "aupr_in": 0.8613277433332155,
        "aupr_out": 0.8064143239195811,
        "fpr95": 0.6981
      }
    },
    "svhn": {
      "resnet50": {
        "auroc": 0.7789949293177628,
        "aupr_in": 0.6434911601580324,
        "aupr_out": 0.8751655345109997,
        "fpr95": 0.8160725261216963
      },
      "densenet121": {
        "auroc": 0.8509934695759067,
        "aupr_in": 0.7491259102474805,
        "aupr_out": 0.9208893626128875,
        "fpr95": 0.6631837738168408
      },
      "wide_resnet50_2": {
        "auroc": 0.7799800706822373,
        "aupr_in": 0.6251197459902016,
        "aupr_out": 0.8824846200156823,
        "fpr95": 0.7780039950829748
      },
      "resnext50_32x4d": {
        "auroc": 0.7625321431315304,
        "aupr_in": 0.6088054635777513,
        "aupr_out": 0.8701523744494886,
        "fpr95": 0.8148432698217578
      },
      "convnext_tiny": {
        "auroc": 0.5830002996312231,
        "aupr_in": 0.3619786069135168,
        "aupr_out": 0.7767101354572855,
        "fpr95": 0.9036186232329441
      },
      "__ensemble__": {
        "auroc": 0.8413274796404425,
        "aupr_in": 0.748143598567484,
        "aupr_out": 0.9126879461610341,
        "fpr95": 0.7019437615242778
      }
    },
    "textures": {
      "resnet50": {
        "auroc": 0.7772091489361702,
        "aupr_in": 0.9452521450876961,
        "aupr_out": 0.35780417841773426,
        "fpr95": 0.8047872340425531
      },
      "densenet121": {
        "auroc": 0.7916334574468086,
        "aupr_in": 0.9444916750512475,
        "aupr_out": 0.41252696722720206,
        "fpr95": 0.7436170212765958
      },
      "wide_resnet50_2": {
        "auroc": 0.7617531117021277,
        "aupr_in": 0.935267448748429,
        "aupr_out": 0.3505890324053373,
        "fpr95": 0.800531914893617
      },
      "resnext50_32x4d": {
        "auroc": 0.781119574468085,
        "aupr_in": 0.9468929282072003,
        "aupr_out": 0.3533578786791166,
        "fpr95": 0.8138297872340425
      },
      "convnext_tiny": {
        "auroc": 0.7106188031914894,
        "aupr_in": 0.9183187779322505,
        "aupr_out": 0.3523280288944909,
        "fpr95": 0.7712765957446809
      },
      "__ensemble__": {
        "auroc": 0.8221853457446809,
        "aupr_in": 0.9587936869091257,
        "aupr_out": 0.42538326040180113,
        "fpr95": 0.7265957446808511
      }
    }
  },
  "delta_stats": {
    "id_test": {
      "mean": 0.20048691272735597,
      "median": 0.0359649658203125,
      "p90": 0.6695882797241212,
      "p99": 1.1787816476821906,
      "std": 0.2914662955136999,
      "n": 10000
    },
    "cifar10": {
      "mean": 0.5222488749027252,
      "median": 0.523392915725708,
      "p90": 0.926166868209839,
      "p99": 1.3455677652359015,
      "std": 0.3164556984838036,
      "n": 10000
    },
    "svhn": {
      "mean": 0.6974115481425006,
      "median": 0.6910901069641113,
      "p90": 1.1340903282165529,
      "p99": 1.5379040241241455,
      "std": 0.3389859371073388,
      "n": 26032
    },
    "textures": {
      "mean": 0.5854666963536689,
      "median": 0.5785605907440186,
      "p90": 1.0521343231201172,
      "p99": 1.5610341548919682,
      "std": 0.3715908449668329,
      "n": 1880
    }
  },
  "ood_ratio": {
    "cifar10": 2.6049025734309965,
    "svhn": 3.4785888946822037,
    "textures": 2.9202240105809327
  },
  "id_acc_per_model": {
    "resnet50": 0.8119,
    "densenet121": 0.8132,
    "wide_resnet50_2": 0.8207,
    "resnext50_32x4d": 0.8208,
    "convnext_tiny": 0.8158
  },
  "ensemble_id_acc": 0.8507999777793884
}