{
  "tag": "teacher_resnet50",
  "arch": "resnet50",
  "id_dataset": "cifar100",
  "ckpt": "checkpoints/cifar100/teachers/resnet50.pt",
  "per_score": {
    "msp": {
      "ood": {
        "cifar10": {
          "auroc": 0.799697285,
          "aupr_in": 0.8197028204389316,
          "aupr_out": 0.7594282006729014,
          "fpr95": 0.7714
        },
        "svhn": {
          "auroc": 0.7566684215580823,
          "aupr_in": 0.6233020823751185,
          "aupr_out": 0.8654803820082805,
          "fpr95": 0.8161493546404426
        },
        "textures": {
          "auroc": 0.7662307712765958,
          "aupr_in": 0.9430778948544182,
          "aupr_out": 0.34214969099745707,
          "fpr95": 0.8101063829787234
        }
      }
    },
    "maxlogit": {
      "ood": {
        "cifar10": {
          "auroc": 0.812709165,
          "aupr_in": 0.8264179857228329,
          "aupr_out": 0.7733661858683567,
          "fpr95": 0.7635
        },
        "svhn": {
          "auroc": 0.7771317628303627,
          "aupr_in": 0.6418417680705931,
          "aupr_out": 0.8754962008741443,
          "fpr95": 0.8112707437000615
        },
        "textures": {
          "auroc": 0.7766243085106384,
          "aupr_in": 0.9451576482740068,
          "aupr_out": 0.35669467842755265,
          "fpr95": 0.8058510638297872
        }
      }
    },
    "energy": {
      "ood": {
        "cifar10": {
          "auroc": 0.8135719849999999,
          "aupr_in": 0.8270679711514656,
          "aupr_out": 0.7740520195593069,
          "fpr95": 0.7644
        },
        "svhn": {
          "auroc": 0.7790038548709282,
          "aupr_in": 0.6435342878691019,
          "aupr_out": 0.8751691086422041,
          "fpr95": 0.816379840196681
        },
        "textures": {
          "auroc": 0.777203005319149,
          "aupr_in": 0.9452458833426904,
          "aupr_out": 0.3578140138056882,
          "fpr95": 0.8058510638297872
        }
      }
    }
  }
}