{
  "tag": "teacher_resnext50_32x4d",
  "arch": "resnext50_32x4d",
  "id_dataset": "cifar100",
  "ckpt": "checkpoints/cifar100/teachers/resnext50_32x4d.pt",
  "per_score": {
    "msp": {
      "ood": {
        "cifar10": {
          "auroc": 0.80385103,
          "aupr_in": 0.8202499029897303,
          "aupr_out": 0.7687316235743901,
          "fpr95": 0.7469
        },
        "svhn": {
          "auroc": 0.7480066437461586,
          "aupr_in": 0.5996037381640962,
          "aupr_out": 0.8617994513878356,
          "fpr95": 0.8218346650276582
        },
        "textures": {
          "auroc": 0.7726906382978722,
          "aupr_in": 0.9460154951060717,
          "aupr_out": 0.34496341685914433,
          "fpr95": 0.8047872340425531
        }
      }
    },
    "maxlogit": {
      "ood": {
        "cifar10": {
          "auroc": 0.812498825,
          "aupr_in": 0.8246377978382937,
          "aupr_out": 0.7780776386461548,
          "fpr95": 0.7429
        },
        "svhn": {
          "auroc": 0.7603281365242778,
          "aupr_in": 0.6074339998925561,
          "aupr_out": 0.8689861634558746,
          "fpr95": 0.8154194837123541
        },
        "textures": {
          "auroc": 0.780528005319149,
          "aupr_in": 0.9467505792406345,
          "aupr_out": 0.3544812015844489,
          "fpr95": 0.8042553191489362
        }
      }
    },
    "energy": {
      "ood": {
        "cifar10": {
          "auroc": 0.813630795,
          "aupr_in": 0.8254051569869556,
          "aupr_out": 0.7791374290214961,
          "fpr95": 0.7476
        },
        "svhn": {
          "auroc": 0.7625485690688383,
          "aupr_in": 0.6088887508984158,
          "aupr_out": 0.8701566793979226,
          "fpr95": 0.8148048555623848
        },
        "textures": {
          "auroc": 0.7811242819148937,
          "aupr_in": 0.9468972709858529,
          "aupr_out": 0.353375342168356,
          "fpr95": 0.8132978723404255
        }
      }
    }
  }
}