{
  "tag": "teacher_convnext_tiny",
  "arch": "convnext_tiny",
  "id_dataset": "cifar100",
  "ckpt": "checkpoints/cifar100/teachers/convnext_tiny.pt",
  "per_score": {
    "msp": {
      "ood": {
        "cifar10": {
          "auroc": 0.7683552600000001,
          "aupr_in": 0.7593814209543839,
          "aupr_out": 0.7423271386201817,
          "fpr95": 0.7832
        },
        "svhn": {
          "auroc": 0.7021113072372465,
          "aupr_in": 0.4825498848577747,
          "aupr_out": 0.8404984773148689,
          "fpr95": 0.8563690842040566
        },
        "textures": {
          "auroc": 0.7803281648936169,
          "aupr_in": 0.9422653724172577,
          "aupr_out": 0.3958551003374785,
          "fpr95": 0.7473404255319149
        }
      }
    },
    "maxlogit": {
      "ood": {
        "cifar10": {
          "auroc": 0.7261549949999999,
          "aupr_in": 0.7043959410408486,
          "aupr_out": 0.7155851521588936,
          "fpr95": 0.7902
        },
        "svhn": {
          "auroc": 0.6213067570682238,
          "aupr_in": 0.3800334101907324,
          "aupr_out": 0.8071393732583705,
          "fpr95": 0.8647818070067609
        },
        "textures": {
          "auroc": 0.7447280319148936,
          "aupr_in": 0.9278208541317781,
          "aupr_out": 0.3880094029026611,
          "fpr95": 0.7361702127659574
        }
      }
    },
    "energy": {
      "ood": {
        "cifar10": {
          "auroc": 0.68938683,
          "aupr_in": 0.6765436248687471,
          "aupr_out": 0.674410944802431,
          "fpr95": 0.8325
        },
        "svhn": {
          "auroc": 0.5830025891210817,
          "aupr_in": 0.36196554579117957,
          "aupr_out": 0.7767078145726816,
          "fpr95": 0.9036186232329441
        },
        "textures": {
          "auroc": 0.7106231914893617,
          "aupr_in": 0.9183161388188263,
          "aupr_out": 0.35233666661465146,
          "fpr95": 0.7718085106382979
        }
      }
    }
  }
}