{
  "tag": "student_repvgg_a0_kd",
  "arch": "repvgg_a0",
  "id_dataset": "cifar100",
  "ckpt": "checkpoints/cifar100/students/repvgg_a0_kd.pt",
  "per_score": {
    "msp": {
      "ood": {
        "cifar10": {
          "auroc": 0.718938885,
          "aupr_in": 0.7021049670666909,
          "aupr_out": 0.6861313964629532,
          "fpr95": 0.8414
        },
        "svhn": {
          "auroc": 0.7896575426398278,
          "aupr_in": 0.6612380166780565,
          "aupr_out": 0.8795244582688513,
          "fpr95": 0.802320221266134
        },
        "textures": {
          "auroc": 0.7462521542553191,
          "aupr_in": 0.9329829697962154,
          "aupr_out": 0.34478950713344353,
          "fpr95": 0.7941489361702128
        }
      }
    },
    "maxlogit": {
      "ood": {
        "cifar10": {
          "auroc": 0.7231402100000001,
          "aupr_in": 0.6931277525407408,
          "aupr_out": 0.6970746743937271,
          "fpr95": 0.8235
        },
        "svhn": {
          "auroc": 0.8078238437307929,
          "aupr_in": 0.6522764867574184,
          "aupr_out": 0.8921613638922627,
          "fpr95": 0.7609096496619545
        },
        "textures": {
          "auroc": 0.7659543085106384,
          "aupr_in": 0.9343809353115831,
          "aupr_out": 0.3862251267676664,
          "fpr95": 0.7515957446808511
        }
      }
    },
    "energy": {
      "ood": {
        "cifar10": {
          "auroc": 0.7241293999999998,
          "aupr_in": 0.6935839491480509,
          "aupr_out": 0.6979201322452505,
          "fpr95": 0.8277
        },
        "svhn": {
          "auroc": 0.8105381549631223,
          "aupr_in": 0.6538123976305303,
          "aupr_out": 0.8932093473071738,
          "fpr95": 0.7605255070682237
        },
        "textures": {
          "auroc": 0.7688060904255318,
          "aupr_in": 0.9348893210624558,
          "aupr_out": 0.396853551612147,
          "fpr95": 0.7468085106382979
        }
      }
    }
  }
}