{
  "tag": "teacher_wide_resnet50_2",
  "arch": "wide_resnet50_2",
  "id_dataset": "cifar100",
  "ckpt": "checkpoints/cifar100/teachers/wide_resnet50_2.pt",
  "per_score": {
    "msp": {
      "ood": {
        "cifar10": {
          "auroc": 0.80430216,
          "aupr_in": 0.8221690977633046,
          "aupr_out": 0.7661291840239923,
          "fpr95": 0.7591
        },
        "svhn": {
          "auroc": 0.7559770417178856,
          "aupr_in": 0.6068523023345767,
          "aupr_out": 0.866273725495477,
          "fpr95": 0.8197218807621389
        },
        "textures": {
          "auroc": 0.7545019148936171,
          "aupr_in": 0.9333963260120028,
          "aupr_out": 0.33699313581782,
          "fpr95": 0.8127659574468085
        }
      }
    },
    "maxlogit": {
      "ood": {
        "cifar10": {
          "auroc": 0.81630552,
          "aupr_in": 0.8285877645778192,
          "aupr_out": 0.778873373506616,
          "fpr95": 0.7491
        },
        "svhn": {
          "auroc": 0.7764829824830977,
          "aupr_in": 0.6231348671799758,
          "aupr_out": 0.8788616481173142,
          "fpr95": 0.7975568531038721
        },
        "textures": {
          "auroc": 0.7613532978723405,
          "aupr_in": 0.935213967457894,
          "aupr_out": 0.34836969067978324,
          "fpr95": 0.8047872340425531
        }
      }
    },
    "energy": {
      "ood": {
        "cifar10": {
          "auroc": 0.81753388,
          "aupr_in": 0.829374604249895,
          "aupr_out": 0.7798403764228241,
          "fpr95": 0.7429
        },
        "svhn": {
          "auroc": 0.7799943972802705,
          "aupr_in": 0.6251874303389908,
          "aupr_out": 0.8824881719130118,
          "fpr95": 0.7780808236017209
        },
        "textures": {
          "auroc": 0.7617549734042552,
          "aupr_in": 0.9352638115470093,
          "aupr_out": 0.35057691131393254,
          "fpr95": 0.800531914893617
        }
      }
    }
  }
}