{
  "tag": "teacher_densenet121",
  "arch": "densenet121",
  "id_dataset": "cifar100",
  "ckpt": "checkpoints/cifar100/teachers/densenet121.pt",
  "per_score": {
    "msp": {
      "ood": {
        "cifar10": {
          "auroc": 0.805784115,
          "aupr_in": 0.8258635609781322,
          "aupr_out": 0.7662878046732203,
          "fpr95": 0.7597
        },
        "svhn": {
          "auroc": 0.8116764443761525,
          "aupr_in": 0.7110330874031497,
          "aupr_out": 0.8966659359842839,
          "fpr95": 0.7438153042409342
        },
        "textures": {
          "auroc": 0.7800271010638297,
          "aupr_in": 0.9445414894012064,
          "aupr_out": 0.37075649839926117,
          "fpr95": 0.7808510638297872
        }
      }
    },
    "maxlogit": {
      "ood": {
        "cifar10": {
          "auroc": 0.810033445,
          "aupr_in": 0.8235149689233376,
          "aupr_out": 0.7725838440099315,
          "fpr95": 0.7602
        },
        "svhn": {
          "auroc": 0.8446776486631837,
          "aupr_in": 0.7445232427135622,
          "aupr_out": 0.9158391869359463,
          "fpr95": 0.6924938537185003
        },
        "textures": {
          "auroc": 0.7894018617021277,
          "aupr_in": 0.9441342953961156,
          "aupr_out": 0.4001911517881358,
          "fpr95": 0.7515957446808511
        }
      }
    },
    "energy": {
      "ood": {
        "cifar10": {
          "auroc": 0.80961802,
          "aupr_in": 0.8234111430140447,
          "aupr_out": 0.7697985784237121,
          "fpr95": 0.7674
        },
        "svhn": {
          "auroc": 0.8509999692685926,
          "aupr_in": 0.749159324025648,
          "aupr_out": 0.9208916525690172,
          "fpr95": 0.6632221880762139
        },
        "textures": {
          "auroc": 0.7916435372340427,
          "aupr_in": 0.9444985486468103,
          "aupr_out": 0.4125399950128008,
          "fpr95": 0.7436170212765958
        }
      }
    }
  }
}