{
  "tag": "student_shufflenetv2_x0_5_kd",
  "arch": "shufflenetv2_x0_5",
  "id_dataset": "cifar100",
  "ckpt": "checkpoints/cifar100/students/shufflenetv2_x0_5_kd.pt",
  "per_score": {
    "msp": {
      "ood": {
        "cifar10": {
          "auroc": 0.7190514699999999,
          "aupr_in": 0.7444338837439137,
          "aupr_out": 0.678341008118684,
          "fpr95": 0.853
        },
        "svhn": {
          "auroc": 0.7710607521511985,
          "aupr_in": 0.6568613491247609,
          "aupr_out": 0.8782671618090232,
          "fpr95": 0.7747771972956361
        },
        "textures": {
          "auroc": 0.709039494680851,
          "aupr_in": 0.9284442378808888,
          "aupr_out": 0.29710458249652316,
          "fpr95": 0.8452127659574468
        }
      }
    },
    "maxlogit": {
      "ood": {
        "cifar10": {
          "auroc": 0.735485215,
          "aupr_in": 0.747873472492221,
          "aupr_out": 0.6938096905950958,
          "fpr95": 0.8486
        },
        "svhn": {
          "auroc": 0.8379670098340504,
          "aupr_in": 0.7421476873732673,
          "aupr_out": 0.9126186424489097,
          "fpr95": 0.7019053472649047
        },
        "textures": {
          "auroc": 0.7579746010638299,
          "aupr_in": 0.9410157514825936,
          "aupr_out": 0.3548552629961884,
          "fpr95": 0.800531914893617
        }
      }
    },
    "energy": {
      "ood": {
        "cifar10": {
          "auroc": 0.7364261999999999,
          "aupr_in": 0.7485268651997963,
          "aupr_out": 0.6928677045405565,
          "fpr95": 0.8465
        },
        "svhn": {
          "auroc": 0.8500287261831592,
          "aupr_in": 0.7536201471317696,
          "aupr_out": 0.9209229345036055,
          "fpr95": 0.6577673632452367
        },
        "textures": {
          "auroc": 0.7657857978723404,
          "aupr_in": 0.9426145996759132,
          "aupr_out": 0.3801777235537441,
          "fpr95": 0.7670212765957447
        }
      }
    }
  }
}